Año;Concepto;Tipo territorio;Código territorio;Territorio;Valor;Unidad;Estado dato
1985;Matrimonios entre mujeres residentes que fijan su residencia en la Comunidad de Madrid;Otros;;;-;Número;
1985;Nacimientos de mujeres residentes;Otros;;;27377;Número;
1985;Total defunciones de residentes;Otros;;;31598;Número;
1985;Nacimientos de hombres residentes;Otros;;;29513;Número;
1985;Total esposas de matrimonios de distinto sexo residentes;Otros;;;23863;Número;
1985;Defunciones de residentes hombres;Otros;;;16518;Número;
1985;Esposas al primer matrimonio de distinto sexo residentes;Otros;;;23183;Número;
1985;Total nacimientos de residentes;Otros;;;56890;Número;
1985;Matrimonios de residentes del mismo sexo que fijan su residencia en la Comunidad de Madrid;Otros;;;-;Número;
1985;Total esposos de matrimonios de distinto sexo residentes;Otros;;;24052;Número;
1985;Matrimonios entre hombres residentes que fijan su residencia en la Comunidad de Madrid;Otros;;;-;Número;
1985;Defunciones de residentes mujeres;Otros;;;15080;Número;
1985;Esposos al primer  matrimonio de distinto sexo residentes;Otros;;;22650;Número;
1985;Matrimonios de residentes de distinto sexo que fijan su residencia en la Comunidad de Madrid;Otros;;;41891;Número;
1986;Nacimientos de mujeres residentes;Otros;;;26598;Número;
1986;Total esposas de matrimonios de distinto sexo residentes;Otros;;;25572;Número;
1986;Esposos al primer  matrimonio de distinto sexo residentes;Otros;;;24026;Número;
1986;Total esposos de matrimonios de distinto sexo residentes;Otros;;;25550;Número;
1986;Matrimonios de residentes de distinto sexo que fijan su residencia en la Comunidad de Madrid;Otros;;;25996;Número;
1986;Esposas al primer matrimonio de distinto sexo residentes;Otros;;;24825;Número;
1986;Nacimientos de hombres residentes;Otros;;;27942;Número;
1986;Total nacimientos de residentes;Otros;;;54540;Número;
1986;Matrimonios entre hombres residentes que fijan su residencia en la Comunidad de Madrid;Otros;;;-;Número;
1986;Matrimonios entre mujeres residentes que fijan su residencia en la Comunidad de Madrid;Otros;;;-;Número;
1986;Matrimonios de residentes del mismo sexo que fijan su residencia en la Comunidad de Madrid;Otros;;;-;Número;
1986;Defunciones de residentes mujeres;Otros;;;14584;Número;
1986;Defunciones de residentes hombres;Otros;;;15960;Número;
1986;Total defunciones de residentes;Otros;;;30544;Número;
1987;Nacimientos de hombres residentes;Otros;;;27554;Número;
1987;Defunciones de residentes mujeres;Otros;;;14874;Número;
1987;Matrimonios de residentes de distinto sexo que fijan su residencia en la Comunidad de Madrid;Otros;;;26725;Número;
1987;Total nacimientos de residentes;Otros;;;53354;Número;
1987;Matrimonios de residentes del mismo sexo que fijan su residencia en la Comunidad de Madrid;Otros;;;-;Número;
1987;Esposas al primer matrimonio de distinto sexo residentes;Otros;;;25372;Número;
1987;Nacimientos de mujeres residentes;Otros;;;25800;Número;
1987;Defunciones de residentes hombres;Otros;;;16608;Número;
1987;Matrimonios entre mujeres residentes que fijan su residencia en la Comunidad de Madrid;Otros;;;-;Número;
1987;Esposos al primer  matrimonio de distinto sexo residentes;Otros;;;24602;Número;
1987;Total defunciones de residentes;Otros;;;31482;Número;
1987;Matrimonios entre hombres residentes que fijan su residencia en la Comunidad de Madrid;Otros;;;-;Número;
1987;Total esposas de matrimonios de distinto sexo residentes;Otros;;;26130;Número;
1987;Total esposos de matrimonios de distinto sexo residentes;Otros;;;26204;Número;
1988;Total nacimientos de residentes;Otros;;;51521;Número;
1988;Nacimientos de hombres residentes;Otros;;;26527;Número;
1988;Esposas al primer matrimonio de distinto sexo residentes;Otros;;;25597;Número;
1988;Matrimonios de residentes de distinto sexo que fijan su residencia en la Comunidad de Madrid;Otros;;;27115;Número;
1988;Total esposos de matrimonios de distinto sexo residentes;Otros;;;26533;Número;
1988;Esposos al primer  matrimonio de distinto sexo residentes;Otros;;;24901;Número;
1988;Total esposas de matrimonios de distinto sexo residentes;Otros;;;26478;Número;
1988;Nacimientos de mujeres residentes;Otros;;;24994;Número;
1988;Total defunciones de residentes;Otros;;;32768;Número;
1988;Defunciones de residentes hombres;Otros;;;17309;Número;
1988;Defunciones de residentes mujeres;Otros;;;15459;Número;
1988;Matrimonios de residentes del mismo sexo que fijan su residencia en la Comunidad de Madrid;Otros;;;-;Número;
1988;Matrimonios entre mujeres residentes que fijan su residencia en la Comunidad de Madrid;Otros;;;-;Número;
1988;Matrimonios entre hombres residentes que fijan su residencia en la Comunidad de Madrid;Otros;;;-;Número;
1989;Total nacimientos de residentes;Otros;;;50911;Número;
1989;Esposas al primer matrimonio de distinto sexo residentes;Otros;;;26383;Número;
1989;Matrimonios de residentes de distinto sexo que fijan su residencia en la Comunidad de Madrid;Otros;;;28498;Número;
1989;Total esposos de matrimonios de distinto sexo residentes;Otros;;;27516;Número;
1989;Esposos al primer  matrimonio de distinto sexo residentes;Otros;;;25789;Número;
1989;Total esposas de matrimonios de distinto sexo residentes;Otros;;;27334;Número;
1989;Matrimonios entre hombres residentes que fijan su residencia en la Comunidad de Madrid;Otros;;;-;Número;
1989;Nacimientos de mujeres residentes;Otros;;;24606;Número;
1989;Total defunciones de residentes;Otros;;;33176;Número;
1989;Defunciones de residentes hombres;Otros;;;17607;Número;
1989;Defunciones de residentes mujeres;Otros;;;15569;Número;
1989;Matrimonios de residentes del mismo sexo que fijan su residencia en la Comunidad de Madrid;Otros;;;-;Número;
1989;Matrimonios entre mujeres residentes que fijan su residencia en la Comunidad de Madrid;Otros;;;-;Número;
1989;Nacimientos de hombres residentes;Otros;;;26305;Número;
1990;Defunciones de residentes hombres;Otros;;;18481;Número;
1990;Esposos al primer  matrimonio de distinto sexo residentes;Otros;;;26241;Número;
1990;Total esposas de matrimonios de distinto sexo residentes;Otros;;;27971;Número;
1990;Matrimonios entre mujeres residentes que fijan su residencia en la Comunidad de Madrid;Otros;;;-;Número;
1990;Total esposos de matrimonios de distinto sexo residentes;Otros;;;28156;Número;
1990;Nacimientos de hombres residentes;Otros;;;25827;Número;
1990;Matrimonios entre hombres residentes que fijan su residencia en la Comunidad de Madrid;Otros;;;-;Número;
1990;Matrimonios de residentes del mismo sexo que fijan su residencia en la Comunidad de Madrid;Otros;;;-;Número;
1990;Total defunciones de residentes;Otros;;;34903;Número;
1990;Esposas al primer matrimonio de distinto sexo residentes;Otros;;;26852;Número;
1990;Defunciones de residentes mujeres;Otros;;;16422;Número;
1990;Nacimientos de mujeres residentes;Otros;;;24108;Número;
1990;Matrimonios de residentes de distinto sexo que fijan su residencia en la Comunidad de Madrid;Otros;;;29191;Número;
1990;Total nacimientos de residentes;Otros;;;49935;Número;
1991;Esposos al primer  matrimonio de distinto sexo residentes;Otros;;;26544;Número;
1991;Total esposos de matrimonios de distinto sexo residentes;Otros;;;28598;Número;
1991;Matrimonios de residentes de distinto sexo que fijan su residencia en la Comunidad de Madrid;Otros;;;29529;Número;
1991;Esposas al primer matrimonio de distinto sexo residentes;Otros;;;27234;Número;
1991;Total nacimientos de residentes;Otros;;;49293;Número;
1991;Matrimonios entre hombres residentes que fijan su residencia en la Comunidad de Madrid;Otros;;;-;Número;
1991;Matrimonios entre mujeres residentes que fijan su residencia en la Comunidad de Madrid;Otros;;;-;Número;
1991;Matrimonios de residentes del mismo sexo que fijan su residencia en la Comunidad de Madrid;Otros;;;-;Número;
1991;Defunciones de residentes mujeres;Otros;;;16801;Número;
1991;Defunciones de residentes hombres;Otros;;;19048;Número;
1991;Total defunciones de residentes;Otros;;;35849;Número;
1991;Nacimientos de mujeres residentes;Otros;;;23919;Número;
1991;Nacimientos de hombres residentes;Otros;;;25374;Número;
1991;Total esposas de matrimonios de distinto sexo residentes;Otros;;;28413;Número;
1992;Matrimonios entre mujeres residentes que fijan su residencia en la Comunidad de Madrid;Otros;;;-;Número;
1992;Nacimientos de mujeres residentes;Otros;;;24565;Número;
1992;Total nacimientos de residentes;Otros;;;50669;Número;
1992;Matrimonios de residentes del mismo sexo que fijan su residencia en la Comunidad de Madrid;Otros;;;-;Número;
1992;Total defunciones de residentes;Otros;;;34905;Número;
1992;Matrimonios entre hombres residentes que fijan su residencia en la Comunidad de Madrid;Otros;;;-;Número;
1992;Esposos al primer  matrimonio de distinto sexo residentes;Otros;;;26483;Número;
1992;Nacimientos de hombres residentes;Otros;;;26104;Número;
1992;Defunciones de residentes hombres;Otros;;;18705;Número;
1992;Matrimonios de residentes de distinto sexo que fijan su residencia en la Comunidad de Madrid;Otros;;;29573;Número;
1992;Total esposas de matrimonios de distinto sexo residentes;Otros;;;28392;Número;
1992;Defunciones de residentes mujeres;Otros;;;16200;Número;
1992;Total esposos de matrimonios de distinto sexo residentes;Otros;;;28557;Número;
1992;Esposas al primer matrimonio de distinto sexo residentes;Otros;;;27103;Número;
1993;Matrimonios entre mujeres residentes que fijan su residencia en la Comunidad de Madrid;Otros;;;-;Número;
1993;Matrimonios entre hombres residentes que fijan su residencia en la Comunidad de Madrid;Otros;;;-;Número;
1993;Total nacimientos de residentes;Otros;;;49499;Número;
1993;Esposas al primer matrimonio de distinto sexo residentes;Otros;;;25335;Número;
1993;Defunciones de residentes mujeres;Otros;;;16545;Número;
1993;Matrimonios de residentes de distinto sexo que fijan su residencia en la Comunidad de Madrid;Otros;;;27567;Número;
1993;Total esposos de matrimonios de distinto sexo residentes;Otros;;;26707;Número;
1993;Esposos al primer  matrimonio de distinto sexo residentes;Otros;;;24712;Número;
1993;Total esposas de matrimonios de distinto sexo residentes;Otros;;;26536;Número;
1993;Nacimientos de hombres residentes;Otros;;;25528;Número;
1993;Nacimientos de mujeres residentes;Otros;;;23971;Número;
1993;Total defunciones de residentes;Otros;;;35666;Número;
1993;Defunciones de residentes hombres;Otros;;;19121;Número;
1993;Matrimonios de residentes del mismo sexo que fijan su residencia en la Comunidad de Madrid;Otros;;;-;Número;
1994;Defunciones de residentes hombres;Otros;;;18963;Número;
1994;Matrimonios de residentes de distinto sexo que fijan su residencia en la Comunidad de Madrid;Otros;;;27013;Número;
1994;Total defunciones de residentes;Otros;;;35682;Número;
1994;Matrimonios entre mujeres residentes que fijan su residencia en la Comunidad de Madrid;Otros;;;-;Número;
1994;Nacimientos de mujeres residentes;Otros;;;22906;Número;
1994;Defunciones de residentes mujeres;Otros;;;16719;Número;
1994;Total nacimientos de residentes;Otros;;;47687;Número;
1994;Matrimonios entre hombres residentes que fijan su residencia en la Comunidad de Madrid;Otros;;;-;Número;
1994;Total esposas de matrimonios de distinto sexo residentes;Otros;;;26162;Número;
1994;Esposas al primer matrimonio de distinto sexo residentes;Otros;;;24817;Número;
1994;Esposos al primer  matrimonio de distinto sexo residentes;Otros;;;24230;Número;
1994;Matrimonios de residentes del mismo sexo que fijan su residencia en la Comunidad de Madrid;Otros;;;-;Número;
1994;Total esposos de matrimonios de distinto sexo residentes;Otros;;;26248;Número;
1994;Nacimientos de hombres residentes;Otros;;;24781;Número;
1995;Total defunciones de residentes;Otros;;;36477;Número;
1995;Nacimientos de mujeres residentes;Otros;;;22685;Número;
1995;Nacimientos de hombres residentes;Otros;;;24321;Número;
1995;Total esposas de matrimonios de distinto sexo residentes;Otros;;;26235;Número;
1995;Esposos al primer  matrimonio de distinto sexo residentes;Otros;;;24499;Número;
1995;Total esposos de matrimonios de distinto sexo residentes;Otros;;;26454;Número;
1995;Matrimonios de residentes de distinto sexo que fijan su residencia en la Comunidad de Madrid;Otros;;;27065;Número;
1995;Defunciones de residentes mujeres;Otros;;;16953;Número;
1995;Esposas al primer matrimonio de distinto sexo residentes;Otros;;;24965;Número;
1995;Total nacimientos de residentes;Otros;;;47006;Número;
1995;Matrimonios entre hombres residentes que fijan su residencia en la Comunidad de Madrid;Otros;;;-;Número;
1995;Matrimonios entre mujeres residentes que fijan su residencia en la Comunidad de Madrid;Otros;;;-;Número;
1995;Defunciones de residentes hombres;Otros;;;19524;Número;
1995;Matrimonios de residentes del mismo sexo que fijan su residencia en la Comunidad de Madrid;Otros;;;-;Número;
1996;Esposas al primer matrimonio de distinto sexo residentes;Otros;;;23896;Número;
1996;Defunciones de residentes mujeres;Otros;;;17440;Número;
1996;Matrimonios de residentes de distinto sexo que fijan su residencia en la Comunidad de Madrid;Otros;;;25874;Número;
1996;Total esposos de matrimonios de distinto sexo residentes;Otros;;;25139;Número;
1996;Esposos al primer  matrimonio de distinto sexo residentes;Otros;;;23405;Número;
1996;Total esposas de matrimonios de distinto sexo residentes;Otros;;;24977;Número;
1996;Nacimientos de hombres residentes;Otros;;;24265;Número;
1996;Nacimientos de mujeres residentes;Otros;;;23226;Número;
1996;Total defunciones de residentes;Otros;;;36811;Número;
1996;Defunciones de residentes hombres;Otros;;;19371;Número;
1996;Matrimonios de residentes del mismo sexo que fijan su residencia en la Comunidad de Madrid;Otros;;;-;Número;
1996;Matrimonios entre mujeres residentes que fijan su residencia en la Comunidad de Madrid;Otros;;;-;Número;
1996;Matrimonios entre hombres residentes que fijan su residencia en la Comunidad de Madrid;Otros;;;-;Número;
1996;Total nacimientos de residentes;Otros;;;47491;Número;
1997;Matrimonios entre mujeres residentes que fijan su residencia en la Comunidad de Madrid;Otros;;;-;Número;
1997;Nacimientos de hombres residentes;Otros;;;25120;Número;
1997;Nacimientos de mujeres residentes;Otros;;;23606;Número;
1997;Total esposas de matrimonios de distinto sexo residentes;Otros;;;25664;Número;
1997;Esposos al primer  matrimonio de distinto sexo residentes;Otros;;;24198;Número;
1997;Total defunciones de residentes;Otros;;;35691;Número;
1997;Esposas al primer matrimonio de distinto sexo residentes;Otros;;;24417;Número;
1997;Total nacimientos de residentes;Otros;;;48726;Número;
1997;Matrimonios de residentes del mismo sexo que fijan su residencia en la Comunidad de Madrid;Otros;;;-;Número;
1997;Matrimonios de residentes de distinto sexo que fijan su residencia en la Comunidad de Madrid;Otros;;;26500;Número;
1997;Matrimonios entre hombres residentes que fijan su residencia en la Comunidad de Madrid;Otros;;;-;Número;
1997;Defunciones de residentes hombres;Otros;;;18695;Número;
1997;Total esposos de matrimonios de distinto sexo residentes;Otros;;;25928;Número;
1997;Defunciones de residentes mujeres;Otros;;;16996;Número;
1998;Nacimientos de hombres residentes;Otros;;;25238;Número;
1998;Esposos al primer  matrimonio de distinto sexo residentes;Otros;;;26300;Número;
1998;Total esposos de matrimonios de distinto sexo residentes;Otros;;;28117;Número;
1998;Matrimonios de residentes de distinto sexo que fijan su residencia en la Comunidad de Madrid;Otros;;;28792;Número;
1998;Defunciones de residentes mujeres;Otros;;;18087;Número;
1998;Esposas al primer matrimonio de distinto sexo residentes;Otros;;;26514;Número;
1998;Total esposas de matrimonios de distinto sexo residentes;Otros;;;27801;Número;
1998;Total nacimientos de residentes;Otros;;;48858;Número;
1998;Matrimonios entre hombres residentes que fijan su residencia en la Comunidad de Madrid;Otros;;;-;Número;
1998;Matrimonios entre mujeres residentes que fijan su residencia en la Comunidad de Madrid;Otros;;;-;Número;
1998;Matrimonios de residentes del mismo sexo que fijan su residencia en la Comunidad de Madrid;Otros;;;-;Número;
1998;Defunciones de residentes hombres;Otros;;;19623;Número;
1998;Total defunciones de residentes;Otros;;;37710;Número;
1998;Nacimientos de mujeres residentes;Otros;;;23620;Número;
1999;Total esposas de matrimonios de distinto sexo residentes;Otros;;;28088;Número;
1999;Defunciones de residentes hombres;Otros;;;19601;Número;
1999;Defunciones de residentes mujeres;Otros;;;18475;Número;
1999;Total nacimientos de residentes;Otros;;;51976;Número;
1999;Matrimonios de residentes del mismo sexo que fijan su residencia en la Comunidad de Madrid;Otros;;;-;Número;
1999;Esposas al primer matrimonio de distinto sexo residentes;Otros;;;26672;Número;
1999;Nacimientos de hombres residentes;Otros;;;26922;Número;
1999;Total defunciones de residentes;Otros;;;38076;Número;
1999;Matrimonios entre mujeres residentes que fijan su residencia en la Comunidad de Madrid;Otros;;;-;Número;
1999;Total esposos de matrimonios de distinto sexo residentes;Otros;;;28367;Número;
1999;Nacimientos de mujeres residentes;Otros;;;25054;Número;
1999;Matrimonios entre hombres residentes que fijan su residencia en la Comunidad de Madrid;Otros;;;-;Número;
1999;Esposos al primer  matrimonio de distinto sexo residentes;Otros;;;26540;Número;
1999;Matrimonios de residentes de distinto sexo que fijan su residencia en la Comunidad de Madrid;Otros;;;29117;Número;
2000;Matrimonios de residentes del mismo sexo que fijan su residencia en la Comunidad de Madrid;Otros;;;-;Número;
2000;Matrimonios entre mujeres residentes que fijan su residencia en la Comunidad de Madrid;Otros;;;-;Número;
2000;Matrimonios entre hombres residentes que fijan su residencia en la Comunidad de Madrid;Otros;;;-;Número;
2000;Total nacimientos de residentes;Otros;;;56622;Número;
2000;Nacimientos de hombres residentes;Otros;;;29325;Número;
2000;Nacimientos de mujeres residentes;Otros;;;27297;Número;
2000;Esposas al primer matrimonio de distinto sexo residentes;Otros;;;28065;Número;
2000;Defunciones de residentes hombres;Otros;;;19614;Número;
2000;Defunciones de residentes mujeres;Otros;;;18223;Número;
2000;Matrimonios de residentes de distinto sexo que fijan su residencia en la Comunidad de Madrid;Otros;;;30700;Número;
2000;Total esposos de matrimonios de distinto sexo residentes;Otros;;;29938;Número;
2000;Esposos al primer  matrimonio de distinto sexo residentes;Otros;;;27974;Número;
2000;Total esposas de matrimonios de distinto sexo residentes;Otros;;;29534;Número;
2000;Total defunciones de residentes;Otros;;;37837;Número;
2001;Matrimonios de residentes del mismo sexo que fijan su residencia en la Comunidad de Madrid;Otros;;;-;Número;
2001;Matrimonios entre mujeres residentes que fijan su residencia en la Comunidad de Madrid;Otros;;;-;Número;
2001;Matrimonios entre hombres residentes que fijan su residencia en la Comunidad de Madrid;Otros;;;-;Número;
2001;Total nacimientos de residentes;Otros;;;59724;Número;
2001;Nacimientos de hombres residentes;Otros;;;30702;Número;
2001;Nacimientos de mujeres residentes;Otros;;;29022;Número;
2001;Total defunciones de residentes;Otros;;;38529;Número;
2001;Defunciones de residentes hombres;Otros;;;20089;Número;
2001;Defunciones de residentes mujeres;Otros;;;18440;Número;
2001;Matrimonios de residentes de distinto sexo que fijan su residencia en la Comunidad de Madrid;Otros;;;29930;Número;
2001;Total esposos de matrimonios de distinto sexo residentes;Otros;;;29142;Número;
2001;Esposos al primer  matrimonio de distinto sexo residentes;Otros;;;27194;Número;
2001;Total esposas de matrimonios de distinto sexo residentes;Otros;;;28701;Número;
2001;Esposas al primer matrimonio de distinto sexo residentes;Otros;;;27229;Número;
2002;Defunciones de residentes mujeres;Otros;;;19022;Número;
2002;Matrimonios de residentes de distinto sexo que fijan su residencia en la Comunidad de Madrid;Otros;;;30090;Número;
2002;Total esposos de matrimonios de distinto sexo residentes;Otros;;;29323;Número;
2002;Esposos al primer  matrimonio de distinto sexo residentes;Otros;;;27250;Número;
2002;Total esposas de matrimonios de distinto sexo residentes;Otros;;;28866;Número;
2002;Esposas al primer matrimonio de distinto sexo residentes;Otros;;;27244;Número;
2002;Matrimonios de residentes del mismo sexo que fijan su residencia en la Comunidad de Madrid;Otros;;;-;Número;
2002;Matrimonios entre mujeres residentes que fijan su residencia en la Comunidad de Madrid;Otros;;;-;Número;
2002;Matrimonios entre hombres residentes que fijan su residencia en la Comunidad de Madrid;Otros;;;-;Número;
2002;Total nacimientos de residentes;Otros;;;63153;Número;
2002;Nacimientos de hombres residentes;Otros;;;32581;Número;
2002;Nacimientos de mujeres residentes;Otros;;;30572;Número;
2002;Total defunciones de residentes;Otros;;;39265;Número;
2002;Defunciones de residentes hombres;Otros;;;20243;Número;
2003;Defunciones de residentes mujeres;Otros;;;20309;Número;
2003;Matrimonios de residentes de distinto sexo que fijan su residencia en la Comunidad de Madrid;Otros;;;29787;Número;
2003;Total esposos de matrimonios de distinto sexo residentes;Otros;;;29321;Número;
2003;Esposos al primer  matrimonio de distinto sexo residentes;Otros;;;27066;Número;
2003;Total esposas de matrimonios de distinto sexo residentes;Otros;;;28840;Número;
2003;Esposas al primer matrimonio de distinto sexo residentes;Otros;;;27099;Número;
2003;Defunciones de residentes hombres;Otros;;;21115;Número;
2003;Matrimonios entre mujeres residentes que fijan su residencia en la Comunidad de Madrid;Otros;;;-;Número;
2003;Matrimonios entre hombres residentes que fijan su residencia en la Comunidad de Madrid;Otros;;;-;Número;
2003;Total nacimientos de residentes;Otros;;;67044;Número;
2003;Nacimientos de hombres residentes;Otros;;;34540;Número;
2003;Nacimientos de mujeres residentes;Otros;;;32504;Número;
2003;Total defunciones de residentes;Otros;;;41424;Número;
2003;Matrimonios de residentes del mismo sexo que fijan su residencia en la Comunidad de Madrid;Otros;;;-;Número;
2004;Defunciones de residentes mujeres;Otros;;;19871;Número;
2004;Matrimonios de residentes de distinto sexo que fijan su residencia en la Comunidad de Madrid;Otros;;;30275;Número;
2004;Total esposos de matrimonios de distinto sexo residentes;Otros;;;29809;Número;
2004;Esposos al primer  matrimonio de distinto sexo residentes;Otros;;;27314;Número;
2004;Total esposas de matrimonios de distinto sexo residentes;Otros;;;29480;Número;
2004;Esposas al primer matrimonio de distinto sexo residentes;Otros;;;27488;Número;
2004;Defunciones de residentes hombres;Otros;;;20417;Número;
2004;Matrimonios entre mujeres residentes que fijan su residencia en la Comunidad de Madrid;Otros;;;-;Número;
2004;Matrimonios entre hombres residentes que fijan su residencia en la Comunidad de Madrid;Otros;;;-;Número;
2004;Total nacimientos de residentes;Otros;;;69029;Número;
2004;Nacimientos de hombres residentes;Otros;;;35913;Número;
2004;Nacimientos de mujeres residentes;Otros;;;33116;Número;
2004;Total defunciones de residentes;Otros;;;40288;Número;
2004;Matrimonios de residentes del mismo sexo que fijan su residencia en la Comunidad de Madrid;Otros;;;-;Número;
2005;Defunciones de residentes mujeres;Otros;;;20107;Número;
2005;Matrimonios de residentes de distinto sexo que fijan su residencia en la Comunidad de Madrid;Otros;;;28483;Número;
2005;Total esposos de matrimonios de distinto sexo residentes;Otros;;;28194;Número;
2005;Esposos al primer  matrimonio de distinto sexo residentes;Otros;;;25727;Número;
2005;Total esposas de matrimonios de distinto sexo residentes;Otros;;;27953;Número;
2005;Esposas al primer matrimonio de distinto sexo residentes;Otros;;;25962;Número;
2005;Defunciones de residentes hombres;Otros;;;20731;Número;
2005;Matrimonios entre mujeres residentes que fijan su residencia en la Comunidad de Madrid;Otros;;;58;Número;
2005;Matrimonios entre hombres residentes que fijan su residencia en la Comunidad de Madrid;Otros;;;201;Número;
2005;Total nacimientos de residentes;Otros;;;69364;Número;
2005;Nacimientos de hombres residentes;Otros;;;35409;Número;
2005;Nacimientos de mujeres residentes;Otros;;;33955;Número;
2005;Total defunciones de residentes;Otros;;;40838;Número;
2005;Matrimonios de residentes del mismo sexo que fijan su residencia en la Comunidad de Madrid;Otros;;;259;Número;
2006;Defunciones de residentes mujeres;Otros;;;19607;Número;
2006;Matrimonios de residentes de distinto sexo que fijan su residencia en la Comunidad de Madrid;Otros;;;27791;Número;
2006;Total esposos de matrimonios de distinto sexo residentes;Otros;;;27672;Número;
2006;Esposos al primer  matrimonio de distinto sexo residentes;Otros;;;24982;Número;
2006;Total esposas de matrimonios de distinto sexo residentes;Otros;;;27414;Número;
2006;Esposas al primer matrimonio de distinto sexo residentes;Otros;;;25150;Número;
2006;Defunciones de residentes hombres;Otros;;;20272;Número;
2006;Matrimonios entre mujeres residentes que fijan su residencia en la Comunidad de Madrid;Otros;;;239;Número;
2006;Matrimonios entre hombres residentes que fijan su residencia en la Comunidad de Madrid;Otros;;;671;Número;
2006;Total nacimientos de residentes;Otros;;;71941;Número;
2006;Nacimientos de hombres residentes;Otros;;;37024;Número;
2006;Nacimientos de mujeres residentes;Otros;;;34917;Número;
2006;Total defunciones de residentes;Otros;;;39879;Número;
2006;Matrimonios de residentes del mismo sexo que fijan su residencia en la Comunidad de Madrid;Otros;;;910;Número;
2007;Defunciones de residentes mujeres;Otros;;;20435;Número;
2007;Matrimonios de residentes de distinto sexo que fijan su residencia en la Comunidad de Madrid;Otros;;;28058;Número;
2007;Total esposos de matrimonios de distinto sexo residentes;Otros;;;27908;Número;
2007;Esposos al primer  matrimonio de distinto sexo residentes;Otros;;;24866;Número;
2007;Total esposas de matrimonios de distinto sexo residentes;Otros;;;27712;Número;
2007;Esposas al primer matrimonio de distinto sexo residentes;Otros;;;25160;Número;
2007;Defunciones de residentes hombres;Otros;;;20959;Número;
2007;Matrimonios entre mujeres residentes que fijan su residencia en la Comunidad de Madrid;Otros;;;187;Número;
2007;Matrimonios entre hombres residentes que fijan su residencia en la Comunidad de Madrid;Otros;;;455;Número;
2007;Total nacimientos de residentes;Otros;;;74841;Número;
2007;Nacimientos de hombres residentes;Otros;;;38490;Número;
2007;Nacimientos de mujeres residentes;Otros;;;36351;Número;
2007;Total defunciones de residentes;Otros;;;41394;Número;
2007;Matrimonios de residentes del mismo sexo que fijan su residencia en la Comunidad de Madrid;Otros;;;642;Número;
2008;Defunciones de residentes mujeres;Otros;;;20404;Número;
2008;Matrimonios de residentes de distinto sexo que fijan su residencia en la Comunidad de Madrid;Otros;;;26713;Número;
2008;Total esposos de matrimonios de distinto sexo residentes;Otros;;;26815;Número;
2008;Esposos al primer  matrimonio de distinto sexo residentes;Otros;;;23566;Número;
2008;Total esposas de matrimonios de distinto sexo residentes;Otros;;;26617;Número;
2008;Esposas al primer matrimonio de distinto sexo residentes;Otros;;;23696;Número;
2008;Defunciones de residentes hombres;Otros;;;20866;Número;
2008;Matrimonios entre mujeres residentes que fijan su residencia en la Comunidad de Madrid;Otros;;;209;Número;
2008;Matrimonios entre hombres residentes que fijan su residencia en la Comunidad de Madrid;Otros;;;474;Número;
2008;Total nacimientos de residentes;Otros;;;78741;Número;
2008;Nacimientos de hombres residentes;Otros;;;40458;Número;
2008;Nacimientos de mujeres residentes;Otros;;;38283;Número;
2008;Total defunciones de residentes;Otros;;;41270;Número;
2008;Matrimonios de residentes del mismo sexo que fijan su residencia en la Comunidad de Madrid;Otros;;;683;Número;
2009;Defunciones de residentes mujeres;Otros;;;20625;Número;
2009;Matrimonios de residentes de distinto sexo que fijan su residencia en la Comunidad de Madrid;Otros;;;24645;Número;
2009;Total esposos de matrimonios de distinto sexo residentes;Otros;;;24585;Número;
2009;Esposos al primer  matrimonio de distinto sexo residentes;Otros;;;21650;Número;
2009;Total esposas de matrimonios de distinto sexo residentes;Otros;;;24367;Número;
2009;Esposas al primer matrimonio de distinto sexo residentes;Otros;;;21866;Número;
2009;Defunciones de residentes hombres;Otros;;;20640;Número;
2009;Matrimonios entre mujeres residentes que fijan su residencia en la Comunidad de Madrid;Otros;;;159;Número;
2009;Matrimonios entre hombres residentes que fijan su residencia en la Comunidad de Madrid;Otros;;;401;Número;
2009;Total nacimientos de residentes;Otros;;;75892;Número;
2009;Nacimientos de hombres residentes;Otros;;;39258;Número;
2009;Nacimientos de mujeres residentes;Otros;;;36634;Número;
2009;Total defunciones de residentes;Otros;;;41265;Número;
2009;Matrimonios de residentes del mismo sexo que fijan su residencia en la Comunidad de Madrid;Otros;;;560;Número;
2010;Esposas al primer matrimonio de distinto sexo residentes;Otros;;;21744;Número;
2010;Defunciones de residentes hombres;Otros;;;20209;Número;
2010;Defunciones de residentes mujeres;Otros;;;20319;Número;
2010;Matrimonios de residentes de distinto sexo que fijan su residencia en la Comunidad de Madrid;Otros;;;24735;Número;
2010;Total esposos de matrimonios de distinto sexo residentes;Otros;;;24597;Número;
2010;Esposos al primer  matrimonio de distinto sexo residentes;Otros;;;21336;Número;
2010;Total defunciones de residentes;Otros;;;40528;Número;
2010;Matrimonios de residentes del mismo sexo que fijan su residencia en la Comunidad de Madrid;Otros;;;670;Número;
2010;Matrimonios entre mujeres residentes que fijan su residencia en la Comunidad de Madrid;Otros;;;209;Número;
2010;Matrimonios entre hombres residentes que fijan su residencia en la Comunidad de Madrid;Otros;;;461;Número;
2010;Total nacimientos de residentes;Otros;;;73776;Número;
2010;Nacimientos de hombres residentes;Otros;;;37794;Número;
2010;Nacimientos de mujeres residentes;Otros;;;35982;Número;
2010;Total esposas de matrimonios de distinto sexo residentes;Otros;;;24516;Número;
2011;Esposas al primer matrimonio de distinto sexo residentes;Otros;;;21435;Número;
2011;Defunciones de residentes hombres;Otros;;;20672;Número;
2011;Defunciones de residentes mujeres;Otros;;;20942;Número;
2011;Matrimonios de residentes de distinto sexo que fijan su residencia en la Comunidad de Madrid;Otros;;;24306;Número;
2011;Total esposos de matrimonios de distinto sexo residentes;Otros;;;24405;Número;
2011;Esposos al primer  matrimonio de distinto sexo residentes;Otros;;;21147;Número;
2011;Total defunciones de residentes;Otros;;;41614;Número;
2011;Matrimonios de residentes del mismo sexo que fijan su residencia en la Comunidad de Madrid;Otros;;;729;Número;
2011;Matrimonios entre mujeres residentes que fijan su residencia en la Comunidad de Madrid;Otros;;;246;Número;
2011;Matrimonios entre hombres residentes que fijan su residencia en la Comunidad de Madrid;Otros;;;483;Número;
2011;Total nacimientos de residentes;Otros;;;72023;Número;
2011;Nacimientos de hombres residentes;Otros;;;36998;Número;
2011;Nacimientos de mujeres residentes;Otros;;;35025;Número;
2011;Total esposas de matrimonios de distinto sexo residentes;Otros;;;24264;Número;
2012;Esposas al primer matrimonio de distinto sexo residentes;Otros;;;21713;Número;
2012;Defunciones de residentes hombres;Otros;;;20970;Número;
2012;Defunciones de residentes mujeres;Otros;;;21829;Número;
2012;Matrimonios de residentes de distinto sexo que fijan su residencia en la Comunidad de Madrid;Otros;;;24526;Número;
2012;Total esposos de matrimonios de distinto sexo residentes;Otros;;;24558;Número;
2012;Esposos al primer  matrimonio de distinto sexo residentes;Otros;;;21213;Número;
2012;Total defunciones de residentes;Otros;;;42799;Número;
2012;Matrimonios de residentes del mismo sexo que fijan su residencia en la Comunidad de Madrid;Otros;;;674;Número;
2012;Matrimonios entre mujeres residentes que fijan su residencia en la Comunidad de Madrid;Otros;;;250;Número;
2012;Matrimonios entre hombres residentes que fijan su residencia en la Comunidad de Madrid;Otros;;;424;Número;
2012;Total nacimientos de residentes;Otros;;;69374;Número;
2012;Nacimientos de hombres residentes;Otros;;;35632;Número;
2012;Nacimientos de mujeres residentes;Otros;;;33742;Número;
2012;Total esposas de matrimonios de distinto sexo residentes;Otros;;;24538;Número;
2013;Esposas al primer matrimonio de distinto sexo residentes;Otros;;;20889;Número;
2013;Total defunciones de residentes;Otros;;;42393;Número;
2013;Defunciones de residentes hombres;Otros;;;21039;Número;
2013;Defunciones de residentes mujeres;Otros;;;21354;Número;
2013;Matrimonios de residentes de distinto sexo que fijan su residencia en la Comunidad de Madrid;Otros;;;23878;Número;
2013;Total esposos de matrimonios de distinto sexo residentes;Otros;;;23835;Número;
2013;Nacimientos de mujeres residentes;Otros;;;31760;Número;
2013;Total esposas de matrimonios de distinto sexo residentes;Otros;;;23846;Número;
2013;Matrimonios de residentes del mismo sexo que fijan su residencia en la Comunidad de Madrid;Otros;;;634;Número;
2013;Matrimonios entre mujeres residentes que fijan su residencia en la Comunidad de Madrid;Otros;;;268;Número;
2013;Matrimonios entre hombres residentes que fijan su residencia en la Comunidad de Madrid;Otros;;;366;Número;
2013;Total nacimientos de residentes;Otros;;;65343;Número;
2013;Nacimientos de hombres residentes;Otros;;;33583;Número;
2013;Esposos al primer  matrimonio de distinto sexo residentes;Otros;;;20433;Número;
2014;Esposas al primer matrimonio de distinto sexo residentes;Otros;;;20308;Número;
2014;Total defunciones de residentes;Otros;;;43064;Número;
2014;Defunciones de residentes hombres;Otros;;;21135;Número;
2014;Defunciones de residentes mujeres;Otros;;;21929;Número;
2014;Matrimonios de residentes de distinto sexo que fijan su residencia en la Comunidad de Madrid;Otros;;;23222;Número;
2014;Total esposos de matrimonios de distinto sexo residentes;Otros;;;23148;Número;
2014;Nacimientos de mujeres residentes;Otros;;;31668;Número;
2014;Total esposas de matrimonios de distinto sexo residentes;Otros;;;23045;Número;
2014;Matrimonios de residentes del mismo sexo que fijan su residencia en la Comunidad de Madrid;Otros;;;593;Número;
2014;Matrimonios entre mujeres residentes que fijan su residencia en la Comunidad de Madrid;Otros;;;241;Número;
2014;Matrimonios entre hombres residentes que fijan su residencia en la Comunidad de Madrid;Otros;;;352;Número;
2014;Total nacimientos de residentes;Otros;;;65505;Número;
2014;Nacimientos de hombres residentes;Otros;;;33837;Número;
2014;Esposos al primer  matrimonio de distinto sexo residentes;Otros;;;19878;Número;
2015;Esposas al primer matrimonio de distinto sexo residentes;Otros;;;21385;Número;
2015;Defunciones de residentes hombres;Otros;;;22787;Número;
2015;Defunciones de residentes mujeres;Otros;;;24072;Número;
2015;Matrimonios de residentes de distinto sexo que fijan su residencia en la Comunidad de Madrid;Otros;;;24848;Número;
2015;Total esposos de matrimonios de distinto sexo residentes;Otros;;;24463;Número;
2015;Esposos al primer  matrimonio de distinto sexo residentes;Otros;;;20940;Número;
2015;Total defunciones de residentes;Otros;;;46859;Número;
2015;Matrimonios de residentes del mismo sexo que fijan su residencia en la Comunidad de Madrid;Otros;;;726;Número;
2015;Matrimonios entre mujeres residentes que fijan su residencia en la Comunidad de Madrid;Otros;;;311;Número;
2015;Matrimonios entre hombres residentes que fijan su residencia en la Comunidad de Madrid;Otros;;;415;Número;
2015;Total nacimientos de residentes;Otros;;;64879;Número;
2015;Nacimientos de hombres residentes;Otros;;;33390;Número;
2015;Nacimientos de mujeres residentes;Otros;;;31489;Número;
2015;Total esposas de matrimonios de distinto sexo residentes;Otros;;;24477;Número;
2016;Esposas al primer matrimonio de distinto sexo residentes;Otros;;;21632;Número;
2016;Total defunciones de residentes;Otros;;;45066;Número;
2016;Defunciones de residentes hombres;Otros;;;22056;Número;
2016;Defunciones de residentes mujeres;Otros;;;23010;Número;
2016;Matrimonios de residentes de distinto sexo que fijan su residencia en la Comunidad de Madrid;Otros;;;25215;Número;
2016;Total esposos de matrimonios de distinto sexo residentes;Otros;;;25020;Número;
2016;Nacimientos de mujeres residentes;Otros;;;30740;Número;
2016;Total esposas de matrimonios de distinto sexo residentes;Otros;;;24990;Número;
2016;Matrimonios de residentes del mismo sexo que fijan su residencia en la Comunidad de Madrid;Otros;;;782;Número;
2016;Matrimonios entre mujeres residentes que fijan su residencia en la Comunidad de Madrid;Otros;;;329;Número;
2016;Matrimonios entre hombres residentes que fijan su residencia en la Comunidad de Madrid;Otros;;;453;Número;
2016;Total nacimientos de residentes;Otros;;;63112;Número;
2016;Nacimientos de hombres residentes;Otros;;;32372;Número;
2016;Esposos al primer  matrimonio de distinto sexo residentes;Otros;;;21162;Número;
2017;Esposas al primer matrimonio de distinto sexo residentes;Otros;;;21331;Número;
2017;Total defunciones de residentes;Otros;;;47069;Número;
2017;Defunciones de residentes hombres;Otros;;;22807;Número;
2017;Defunciones de residentes mujeres;Otros;;;24262;Número;
2017;Matrimonios de residentes de distinto sexo que fijan su residencia en la Comunidad de Madrid;Otros;;;25039;Número;
2017;Total esposos de matrimonios de distinto sexo residentes;Otros;;;24762;Número;
2017;Esposos al primer  matrimonio de distinto sexo residentes;Otros;;;20722;Número;
2017;Total esposas de matrimonios de distinto sexo residentes;Otros;;;24836;Número;
2017;Matrimonios de residentes del mismo sexo que fijan su residencia en la Comunidad de Madrid;Otros;;;834;Número;
2017;Matrimonios entre mujeres residentes que fijan su residencia en la Comunidad de Madrid;Otros;;;347;Número;
2017;Matrimonios entre hombres residentes que fijan su residencia en la Comunidad de Madrid;Otros;;;487;Número;
2017;Total nacimientos de residentes;Otros;;;60555;Número;
2017;Nacimientos de hombres residentes;Otros;;;31136;Número;
2017;Nacimientos de mujeres residentes;Otros;;;29419;Número;
2018;Nacimientos de mujeres residentes;Otros;;;27985;Número;
2018;Total esposos de matrimonios de distinto sexo residentes;Otros;;;23691;Número;
2018;Nacimientos de hombres residentes;Otros;;;29569;Número;
2018;Esposas al primer matrimonio de distinto sexo residentes;Otros;;;20162;Número;
2018;Total nacimientos de residentes;Otros;;;57554;Número;
2018;Matrimonios de residentes de distinto sexo que fijan su residencia en la Comunidad de Madrid;Otros;;;23797;Número;
2018;Defunciones de residentes hombres;Otros;;;22795;Número;
2018;Total defunciones de residentes;Otros;;;46599;Número;
2018;Matrimonios entre mujeres residentes que fijan su residencia en la Comunidad de Madrid;Otros;;;456;Número;
2018;Defunciones de residentes mujeres;Otros;;;23804;Número;
2018;Matrimonios de residentes del mismo sexo que fijan su residencia en la Comunidad de Madrid;Otros;;;956;Número;
2018;Total esposas de matrimonios de distinto sexo residentes;Otros;;;23645;Número;
2018;Esposos al primer  matrimonio de distinto sexo residentes;Otros;;;19829;Número;
2018;Matrimonios entre hombres residentes que fijan su residencia en la Comunidad de Madrid;Otros;;;500;Número;
2019;Nacimientos de hombres residentes;Otros;;;28753;Número;
2019;Total nacimientos de residentes;Otros;;;55741;Número;
2019;Matrimonios entre hombres residentes que fijan su residencia en la Comunidad de Madrid;Otros;;;540;Número;
2019;Matrimonios entre mujeres residentes que fijan su residencia en la Comunidad de Madrid;Otros;;;482;Número;
2019;Matrimonios de residentes del mismo sexo que fijan su residencia en la Comunidad de Madrid;Otros;;;1022;Número;
2019;Esposos al primer  matrimonio de distinto sexo residentes;Otros;;;19887;Número;
2019;Total esposos de matrimonios de distinto sexo residentes;Otros;;;24163;Número;
2019;Matrimonios de residentes de distinto sexo que fijan su residencia en la Comunidad de Madrid;Otros;;;23538;Número;
2019;Defunciones de residentes mujeres;Otros;;;24300;Número;
2019;Defunciones de residentes hombres;Otros;;;22865;Número;
2019;Total defunciones de residentes;Otros;;;47165;Número;
2019;Esposas al primer matrimonio de distinto sexo residentes;Otros;;;20380;Número;
2019;Nacimientos de mujeres residentes;Otros;;;26988;Número;
2019;Total esposas de matrimonios de distinto sexo residentes;Otros;;;24176;Número;
2020;Matrimonios entre hombres residentes que fijan su residencia en la Comunidad de Madrid;Otros;;;324;Número;
2020;Defunciones de residentes hombres;Otros;;;33105;Número;
2020;Nacimientos de mujeres residentes;Otros;;;25510;Número;
2020;Total esposos de matrimonios de distinto sexo residentes;Otros;;;12605;Número;
2020;Esposas al primer matrimonio de distinto sexo residentes;Otros;;;10206;Número;
2020;Defunciones de residentes mujeres;Otros;;;33543;Número;
2020;Matrimonios de residentes de distinto sexo que fijan su residencia en la Comunidad de Madrid;Otros;;;12394;Número;
2020;Total defunciones de residentes;Otros;;;66648;Número;
2020;Matrimonios de residentes del mismo sexo que fijan su residencia en la Comunidad de Madrid;Otros;;;571;Número;
2020;Matrimonios entre mujeres residentes que fijan su residencia en la Comunidad de Madrid;Otros;;;247;Número;
2020;Total nacimientos de residentes;Otros;;;52357;Número;
2020;Esposos al primer  matrimonio de distinto sexo residentes;Otros;;;9911;Número;
2020;Total esposas de matrimonios de distinto sexo residentes;Otros;;;12574;Número;
2020;Nacimientos de hombres residentes;Otros;;;26847;Número;
2021;Esposas al primer matrimonio de distinto sexo residentes;Otros;;;18197;Número;
2021;Nacimientos de mujeres residentes;Otros;;;24766;Número;
2021;Matrimonios de residentes del mismo sexo que fijan su residencia en la Comunidad de Madrid;Otros;;;930;Número;
2021;Nacimientos de hombres residentes;Otros;;;26600;Número;
2021;Total esposos de matrimonios de distinto sexo residentes;Otros;;;21405;Número;
2021;Total nacimientos de residentes;Otros;;;51366;Número;
2021;Total esposas de matrimonios de distinto sexo residentes;Otros;;;21477;Número;
2021;Matrimonios entre hombres residentes que fijan su residencia en la Comunidad de Madrid;Otros;;;449;Número;
2021;Esposos al primer  matrimonio de distinto sexo residentes;Otros;;;17652;Número;
2021;Matrimonios entre mujeres residentes que fijan su residencia en la Comunidad de Madrid;Otros;;;481;Número;
2021;Total defunciones de residentes;Otros;;;49857;Número;
2021;Defunciones de residentes hombres;Otros;;;25172;Número;
2021;Matrimonios de residentes de distinto sexo que fijan su residencia en la Comunidad de Madrid;Otros;;;21416;Número;
2021;Defunciones de residentes mujeres;Otros;;;24685;Número;
2022;Defunciones de residentes hombres;Otros;;;24906;Número;
2022;Total defunciones de residentes;Otros;;;51154;Número;
2022;Nacimientos de mujeres residentes;Otros;;;24800;Número;
2022;Nacimientos de hombres residentes;Otros;;;26161;Número;
2022;Total nacimientos de residentes;Otros;;;50961;Número;
2022;Matrimonios entre hombres residentes que fijan su residencia en la Comunidad de Madrid;Otros;;;639;Número;
2022;Matrimonios entre mujeres residentes que fijan su residencia en la Comunidad de Madrid;Otros;;;561;Número;
2022;Matrimonios de residentes del mismo sexo que fijan su residencia en la Comunidad de Madrid;Otros;;;1200;Número;
2022;Esposas al primer matrimonio de distinto sexo residentes;Otros;;;22464;Número;
2022;Total esposas de matrimonios de distinto sexo residentes;Otros;;;26315;Número;
2022;Esposos al primer  matrimonio de distinto sexo residentes;Otros;;;21991;Número;
2022;Total esposos de matrimonios de distinto sexo residentes;Otros;;;26297;Número;
2022;Matrimonios de residentes de distinto sexo que fijan su residencia en la Comunidad de Madrid;Otros;;;26237;Número;
2022;Defunciones de residentes mujeres;Otros;;;26248;Número;
2023;Matrimonios de residentes del mismo sexo que fijan su residencia en la Comunidad de Madrid;Otros;;;1485;Número;
2023;Matrimonios de residentes de distinto sexo que fijan su residencia en la Comunidad de Madrid;Otros;;;26888;Número;
2023;Nacimientos de hombres residentes;Otros;;;25936;Número;
2023;Total nacimientos de residentes;Otros;;;50299;Número;
2023;Esposas al primer matrimonio de distinto sexo residentes;Otros;;;22969;Número;
2023;Total esposos de matrimonios de distinto sexo residentes;Otros;;;26791;Número;
2023;Defunciones de residentes hombres;Otros;;;23442;Número;
2023;Matrimonios entre mujeres residentes que fijan su residencia en la Comunidad de Madrid;Otros;;;706;Número;
2023;Total esposas de matrimonios de distinto sexo residentes;Otros;;;26833;Número;
2023;Nacimientos de mujeres residentes;Otros;;;24363;Número;
2023;Total defunciones de residentes;Otros;;;48646;Número;
2023;Defunciones de residentes mujeres;Otros;;;25204;Número;
2023;Esposos al primer  matrimonio de distinto sexo residentes;Otros;;;22323;Número;
2023;Matrimonios entre hombres residentes que fijan su residencia en la Comunidad de Madrid;Otros;;;779;Número;
2024;Total esposas de matrimonios de distinto sexo residentes;Otros;;;27956;Número;
2024;Esposas al primer matrimonio de distinto sexo residentes;Otros;;;23907;Número;
2024;Matrimonios de residentes del mismo sexo que fijan su residencia en la Comunidad de Madrid;Otros;;;1573;Número;
2024;Matrimonios entre mujeres residentes que fijan su residencia en la Comunidad de Madrid;Otros;;;707;Número;
2024;Matrimonios entre hombres residentes que fijan su residencia en la Comunidad de Madrid;Otros;;;866;Número;
2024;Total nacimientos de residentes;Otros;;;50770;Número;
2024;Nacimientos de hombres residentes;Otros;;;26199;Número;
2024;Nacimientos de mujeres residentes;Otros;;;24571;Número;
2024;Total defunciones de residentes;Otros;;;49408;Número;
2024;Defunciones de residentes hombres;Otros;;;23921;Número;
2024;Defunciones de residentes mujeres;Otros;;;25487;Número;
2024;Matrimonios de residentes de distinto sexo que fijan su residencia en la Comunidad de Madrid;Otros;;;27817;Número;
2024;Total esposos de matrimonios de distinto sexo residentes;Otros;;;27891;Número;
2024;Esposos al primer  matrimonio de distinto sexo residentes;Otros;;;23333;Número;
